Company Name,Website URL,Yellow Page URL,Contact Number,Location/Address,Industry/Category,Company Description,Email Address
Geeks On Site,No company URL,https://www.yellowpages.com/nationwide/mip/geeks-on-site-23196657?lid=1002160598919,Phone no not disclosed,"Street not Mentioned, Locality not mentioned",Computers & Computer Equipment-Service & Repair,Description not available,
AAA All Voice And Data Inc.,No company URL,https://www.yellowpages.com/brooklyn-ny/mip/aaa-all-voice-and-data-inc-472737765?lid=1002192648293,Phone no not disclosed,"Street not Mentioned, Locality not mentioned","Computer Cable & Wire Installation, Computer System Designers & Consultants",Description not available,
My Computer Works,No company URL,https://www.yellowpages.com/nationwide/mip/my-computer-works-533468437?lid=1002054064467,(888) 840-0484,"Street not Mentioned, Locality not mentioned","Computer Technical Assistance & Support Services, Computer Service & Repair-Business, Computer Software & Services","Nice support from their office thanks for everything i will visit them again for sure. Great service.""",
Geeks On Site,No company URL,https://www.yellowpages.com/nationwide/mip/geeks-on-site-23196657?lid=1002160598919,(800) 531-2349,"Street not Mentioned, Locality not mentioned",Computers & Computer Equipment-Service & Repair,"From Business: If you are in a crunch, Geeks on Site can help you get things back up and running quickly with extensive PC repair service. Depending on your issue, we can…",
My Computer Works,No company URL,https://www.yellowpages.com/nationwide/mip/my-computer-works-566956972?lid=1002089988953,(877) 201-0623,"Street not Mentioned, Locality not mentioned",Computers & Computer Equipment-Service & Repair,"From Business: Our professional and polite U.S. based technicians can solve your PC or MAC problems, and their devices from the comfort of your own home. Through remote…",
Geeks on Site,No company URL,https://www.yellowpages.com/nationwide/mip/geeks-on-site-531845374?lid=1002149559480,(877) 223-4607,"Street not Mentioned, Locality not mentioned","Computer Software & Services, Computer Printers & Supplies, Home Theater Systems","From Business: With over 20 years of experience Geeks OnSite offers everything from computer and printer repair, software sales and service, home theater installation, home…",
Jean Martin Insurance Inc,https://www.jeanmartin.com/contact.html,https://www.yellowpages.com/new-york-ny/mip/jean-martin-insurance-inc-534883875?lid=1002179427857,(833) 277-0597,"551 5Th Avenue, Suite 1425, New York, NY 10176","Concrete Contractors, Computer Technical Assistance & Support Services, Septic Tanks & Systems",Description not available,
EgeekPRO INC,No company URL,https://www.yellowpages.com/new-york-ny/mip/egeekpro-inc-523936481?lid=1001649870570,(212) 388-5943,"42 Broadway, New York, NY 10004","Computers & Computer Equipment-Service & Repair, Telephone Equipment & Systems-Repair & Service, Mobile Device Repair","They are just excellent. I am satisfied with their services, quality of the products and skills of repairing all kind of phones like I phones, Samsung and all latest phones.""",
SourceCom Communications,No company URL,https://www.yellowpages.com/new-york-ny/mip/sourcecom-communications-511970508?lid=1001572780119,(844) 768-7240,"275 Madison Ave, New York, NY 10016","Utility Companies, Telephone Companies, Computers & Computer Equipment-Service & Repair","From Business: WE ARE A BUSINESS TO BUSINESS SERVICE PROVIDER. SourceCom Communications is your source for all communication needs. Your source for cable, data, voice,…",
Computer Overhauls,http://www.computeroverhauls.com,https://www.yellowpages.com/new-york-ny/mip/computer-overhauls-1323061,(212) 216-9711,"7 Penn Plz Ste 749, New York, NY 10001","Computer & Equipment Dealers, Consumer Electronics, Computers & Computer Equipment-Service & Repair","I was reluctant to order an overhauled computer, but when my Apple arrived right on time in perfect condition I was relieved.  This computer is amazing and I couldn't be…",
New York Computer Help - Midtown,http://www.newyorkcomputerhelp.com,https://www.yellowpages.com/new-york-ny/mip/new-york-computer-help-midtown-6805448,(212) 599-0339,"53 E 34th St, 3rd Floor, New York, NY 10016","Computers & Computer Equipment-Service & Repair, Computer Data Recovery, Home Theater Systems","Theses guys have the best tech support. They always answer all m y questions and keep my computer running perfectly!""",
TecProtocol Business Solutions,http://www.tecprotocol.com,https://www.yellowpages.com/new-york-ny/mip/tecprotocol-business-solutions-470853821,(212) 500-6644,"353 W 48th St, Suite# 454, New York, NY 10036","Computer Software & Services, Copiers & Supplies-Wholesale & Manufacturers, Printers-Equipment & Supplies","Good and Fast Service Recommended Just had some work done by Adrian and I was super satisfied with his work. I would recommend him to all my friends""",
ABC Computer Service,http://abccomputerservices.com,https://www.yellowpages.com/new-york-ny/mip/abc-computer-service-467421984,(212) 725-3511,"15 E 40th St Rm 903, New York, NY 10016","Computer Service & Repair-Business, Computers & Computer Equipment-Service & Repair",Description not available,
Computer Guys,No company URL,https://www.yellowpages.com/new-york-ny/mip/computer-guys-7227656,(212) 414-0321,"18 E 16th St, New York, NY 10003","Computer Service & Repair-Business, Computer & Equipment Dealers, Computer Technical Assistance & Support Services",Description not available,
Jay Shapiro Computers,https://www.jayshapirocomputers.com/contact,https://www.yellowpages.com/new-york-ny/mip/jay-shapiro-computers-472729623,(877) 747-1711,"1313 3rd Ave, New York, NY 10021","Computer Software & Services, Machine Shops, Machinery Cleaning Service","From Business: At Jay Shapiro Computers, we strive to provide you with outstanding service. We have skilled technicians to help with any New York computer repair needs. Call us…",
Thirty5Tech - NYC Computer Repair,http://www.thirty5tech.com,https://www.yellowpages.com/new-york-ny/mip/thirty5tech-nyc-computer-repair-475628836,(917) 508-6047,"35 Fort Washington Ave Apt 3c, New York, NY 10032","Computer Technical Assistance & Support Services, Computer Service & Repair-Business, Computers & Computer Equipment-Service & Repair","Pretty cool tech that know their stuff . Affordable Flat Rate""",
NY Citi Technologies,No company URL,https://www.yellowpages.com/new-york-ny/mip/ny-citi-technologies-458973345,(917) 267-9816,"On-Site Services, New York, NY 10017","Computer System Designers & Consultants, Computer Software & Services, Computer Rooms-Installation & Equipment","Great Help desk / Desktop support when needed. You guys are the best.""",
NyITTech - Computer Repair NYC,No company URL,https://www.yellowpages.com/new-york-ny/mip/nyittech-computer-repair-nyc-461870453,(718) 360-2750,"360 W 57th St, New York, NY 10019","Computer Data Recovery, Computer Online Services, Computer Software & Services","Last week I called NyITTech‎ because my PC was broken. The people came to my house very quickly and managed to fix the problem in only a half an hour. I'm very grateful to them.""",
Mike's Tech Shop,http://www.mikestechshop.com,https://www.yellowpages.com/new-york-ny/mip/mikes-tech-shop-454835190,(212) 924-6453,"120 W 20th St, New York, NY 10011","Computers & Computer Equipment-Service & Repair, Computer Hardware & Supplies","Went here without any type of expectation or any. After having my laptop repaired, I can't believe how much it improves in terms of functionality. Really awesome.""",
Link Sys,No company URL,https://www.yellowpages.com/new-york-ny/mip/link-sys-468108271,(646) 370-1963,"303 W 42nd St Ste 52, New York, NY 10036","Mobile Home Equipment & Parts, Mobile Home Repair & Service, Computer Software & Services","Do NOT USE THIS PLACE if you don’t have an iPhone.  I cracked the glass on my Motorola Droid Razr Maxx in June, but I was able to use the device fully functionally with a…",
b4computers,http://www.b4computers.com,https://www.yellowpages.com/new-york-ny/mip/b4computers-22378344,(718) 675-4069,"28 Warren ST, New York, NY 10007","Computer System Designers & Consultants, Computer Technical Assistance & Support Services, Computer Service & Repair-Business","From Business: The experts at b4computers can: *Fix problems encountered with all standard hardware and software for desktop, tower, laptop, notebook, and netbook. *We are…",
JoeNYC,http://www.joenyc.com,https://www.yellowpages.com/new-york-ny/mip/joenyc-465207152,(212) 777-2986,"77 Bleecker St Apt C2-21, New York, NY 10012","Computer Network Design & Systems, Computer System Designers & Consultants, Computer Technical Assistance & Support Services","From Business: Expert Computer Consultation Affordable, Fast and Professional (PC or Mac) Computer Pros for Computer Woes $25/hour Drop Off Service Laptop or Desktop Computer…",
Invenio IT,http://invenioit.com,https://www.yellowpages.com/new-york-ny/mip/invenio-it-463024757,(646) 395-1170,"122 W 26th St, New York, NY 10001","Computer & Equipment Dealers, Computer Printers & Supplies, Computer Technical Assistance & Support Services","From Business: Based in New York, Invenio IT is an IT solutions provider for small and medium businesses. Founded in 2001, we have over 10 years of experience helping…",
NYC Data Recovery Services,http://www.datarecoverynycny.com,https://www.yellowpages.com/new-york-ny/mip/nyc-data-recovery-services-465404606,(212) 729-6594,"373 Park Ave S, New York, NY 10016","Computer Service & Repair-Business, Computers & Computer Equipment-Service & Repair","From Business: NYC Data Recovery Services specializes in various types of data recovery for businesses, government institutions, and homes. Their recovery services include hard…",
NIMAX,http://www.gonimax.com,https://www.yellowpages.com/new-york-ny/mip/nimax-475239349,(347) 788-0122,"234 5th Ave Fl 405, New York, NY 10001","Computer Data Recovery, Computer Online Services, Computer Software & Services",From Business: NiMax provides professional service for affordable prices.Â Professional - Friendly - Fast - Guaranteed,
"YaFix, Apple iPhone, iPad, iPod, & Macbook Repair",http://www.flickr.com/photos/yafix,https://www.yellowpages.com/new-york-ny/mip/yafix-apple-iphone-ipad-ipod-macbook-repair-468476797,(347) 669-2349,"349 5th Ave, New York, NY 10016","Cellular Telephone Service, Computers & Computer Equipment-Service & Repair","From Business: NYC's #1 Apple Repair & Customization Shop for the iPhone 3G, 3GS, 4, & 4S; the iPad 1 & 2; & the iPod Touch 2G, 3G, & 4G; We Offer Original Parts, Amazing…",
Ramp Up Technology,No company URL,https://www.yellowpages.com/new-york-ny/mip/ramp-up-technology-465323237,(212) 633-0656,"108 W 39th St, New York, NY 10018","Computer Online Services, Computer Software & Services, Computer Rooms-Installation & Equipment",From Business: At Ramp Up we work hand in hand with our customers to define focused Information Technology (IT) strategies that translate into viable and sustainable solutions…,
City Tech Wizards,http://www.citytechwizards.com,https://www.yellowpages.com/new-york-ny/mip/city-tech-wizards-470967620,(646) 820-4369,"325 W 38th St Rm 1105, New York, NY 10018","Computer Online Services, Computer Software & Services, Computer Rooms-Installation & Equipment","From Business: We are a computer repair service located in midtown Manhattan, servicing all of New York City. Call us today at 646-820-4369!",
Computer Integrated Services Company of Ny,https://www.cisus.com,https://www.yellowpages.com/new-york-ny/mip/computer-integrated-services-company-of-ny-4711879,(212) 577-6033,"12 E 44th St, New York, NY 10017","Computer Network Design & Systems, Computer System Designers & Consultants, System Integration Engineers","From Business: Established in 1995, Computer Integrated Services is one of the leading providers of network integration and infrastructure services in the northeastern United…",
Pc Doctor,No company URL,https://www.yellowpages.com/new-york-ny/mip/pc-doctor-466364609,(917) 399-1794,"645 12th Ave, New York, NY 10019","Computer Online Services, Computer Software & Services, Computer Service & Repair-Business",From Business: Xpress PC Doctor is the smart choice for affordable and reliable on-site Computer Repair Services and Networking Support . Our work is done properly the first…,
Sentril Tech,No company URL,https://www.yellowpages.com/new-york-ny/mip/sentril-tech-21736242,(646) 283-9667,"445 E 65th St Apt 6b, New York, NY 10065",Computers & Computer Equipment-Service & Repair,From Business: We've proudly been service New York City since 2006 and are committed to provide the best computer repair service.,
iFix New York,http://www.ifixny.com,https://www.yellowpages.com/new-york-ny/mip/ifix-new-york-471021769,(212) 933-4440,"247 E 77th St, New York, NY 10075","Computer Data Recovery, Cellular Telephone Equipment & Supplies, Computers & Computer Equipment-Service & Repair","From Business: iFIX New York is a state-of-the-art most advanced repair center for laptops, desktops, smartphones, tablets, severs, pro-audio equipment and more. Also we do…",
Daniel Express Communications,http://danielexpress.com,https://www.yellowpages.com/new-york-ny/mip/daniel-express-communications-20517552,(212) 877-2200,"495 Amsterdam Ave, New York, NY 10024","Consumer Electronics, Cellular Telephone Equipment & Supplies, Cellular Telephone Service","From Business: We repair cellular phones, Samsung, Blackberry, Motorola, Nokia, Smart phones, e.t.c.",
"PSOFNTECH, INC",http://www.psofntech.com,https://www.yellowpages.com/new-york-ny/mip/psofntech-inc-470665446,(212) 740-1300,"1221 Saint Nicholas Ave, New York, NY 10032","Computer Online Services, Graphic Designers, Computers & Computer Equipment-Service & Repair","From Business: PSOFNTECH, INC it is a business with the intention and dedication to help people with technology. We work residential and small business customers. PSOFNTECH can…",
Icompunet Inc,http://www.icompunet.com,https://www.yellowpages.com/new-york-ny/mip/icompunet-inc-467137569,(212) 461-1019,"75 Maiden Ln Ste 335, New York, NY 10038","Computer Service & Repair-Business, Computers & Computer Equipment-Service & Repair, Computer Software & Services",Description not available,
TriStateTek,No company URL,https://www.yellowpages.com/new-york-ny/mip/tristatetek-460356837,(212) 748-9290,"248 W 35th St Rm 1206, New York, NY 10001","Computer Data Recovery, Computer Service & Repair-Business, Computers & Computer Equipment-Service & Repair",Description not available,
Technology Pros,No company URL,https://www.yellowpages.com/new-york-ny/mip/technology-pros-452217425,(800) 778-5331,"20 W 44th St, New York, NY 10036","Computer Data Recovery, Computer Service & Repair-Business, Computers & Computer Equipment-Service & Repair","From Business: (800) 778 5331 Technology Pros, We're not Just Geeks, We're Possionals. On-Site and Off-Site Remote Computer Service. Amazing Pricing, Amazing service. Once your…",
Little Laptop Shop,http://www.littlelaptopshop.com,https://www.yellowpages.com/new-york-ny/mip/little-laptop-shop-20365888,(212) 674-3111,"7 Clinton St, New York, NY 10002","Computer Service & Repair-Business, Computer & Equipment Dealers, Computers & Computer Equipment-Service & Repair",Description not available,
D & Q Computer Inc,http://www.dandqcomputer.com/contact,https://www.yellowpages.com/new-york-ny/mip/d-q-computer-inc-6447738,(212) 260-8236,"206 Avenue B, New York, NY 10009",Computers & Computer Equipment-Service & Repair,Description not available,
Mac Concierge Inc,http://www.macconcierge.com,https://www.yellowpages.com/new-york-ny/mip/mac-concierge-inc-464887594,(212) 533-8222,"55 W 21st St, New York, NY 10010","Computer Network Design & Systems, Computer Data Recovery, Computer Technical Assistance & Support Services",From Business: Mac Concierge is an Information Technology consulting and support firm for small to mid-sized business. We specialize in personalized Mac & Windows network…,
Pure Logic,http://www.purelogic.com,https://www.yellowpages.com/new-york-ny/mip/pure-logic-8837561,(212) 675-9800,"148 W 24th St, New York, NY 10011",Computers & Computer Equipment-Service & Repair,Description not available,
Mac Hattan,http://machattan.com,https://www.yellowpages.com/new-york-ny/mip/mac-hattan-459208250,(212) 242-9393,"249 W 34th St, New York, NY 10001","Computer & Equipment Dealers, Computers & Computer Equipment-Service & Repair",Description not available,
Computer Repair NYC,http://www.audiovideonyc.com,https://www.yellowpages.com/new-york-ny/mip/computer-repair-nyc-451004800,(212) 729-4305,"519 8th Ave, New York, NY 10018","Computer & Equipment Renting & Leasing, Computer System Designers & Consultants, Computer Service & Repair-Business","From Business: Interactive Vision Solutions is a full service New York City Audio Visual and computer equipment rental,repair and AV, IT consulting company that specializes in…",
Precision Discovery,http://precisiondiscovery.com,https://www.yellowpages.com/new-york-ny/mip/precision-discovery-456664803,(212) 292-1161,"25 W 45th St Ste 701, New York, NY 10036","Computer & Equipment Dealers, Computers & Computer Equipment-Service & Repair",Description not available,
3 H Technologies,http://www.apple.com,https://www.yellowpages.com/new-york-ny/mip/3-h-technologies-7685673,(212) 588-8760,"1173 2nd Ave Frnt 1, New York, NY 10065","Computer Network Design & Systems, Computer & Equipment Dealers, Computer System Designers & Consultants",Description not available,
My Computer Tech Inc,http://www.mycomputertechinc.com,https://www.yellowpages.com/new-york-ny/mip/my-computer-tech-inc-6402164,(212) 828-1600,"400 E 87th St, New York, NY 10128","Computer Service & Repair-Business, Computer & Equipment Dealers, Computers & Computer Equipment-Service & Repair",Description not available,
Computer Guys,No company URL,https://www.yellowpages.com/new-york-ny/mip/computer-guys-9278885,(212) 288-2416,"229 E 84th St Frnt 2, New York, NY 10028","Computers & Computer Equipment-Service & Repair, Computer Network Design & Systems, Computer & Equipment Dealers",Description not available,
Hitec Computer Repairs,No company URL,https://www.yellowpages.com/new-york-ny/mip/hitec-computer-repairs-453382320,(212) 374-1008,"108 Duane St, New York, NY 10007",Computers & Computer Equipment-Service & Repair,Description not available,
Sotis Business Technology,No company URL,https://www.yellowpages.com/new-york-ny/mip/sotis-business-technology-13126143,(646) 289-5902,"79 Leonard St, New York, NY 10013","Computers & Computer Equipment-Service & Repair, Copy Machines & Supplies",Description not available,
Nerd On Demand,http://nerdondemand.com,https://www.yellowpages.com/new-york-ny/mip/nerd-on-demand-476113909,(646) 801-6373,"96 Cedar St, New York, NY 10006","Computer Network Design & Systems, Computer Service & Repair-Business, Computers & Computer Equipment-Service & Repair",Description not available,
Pinnadyne,http://www.pinnadyne.com,https://www.yellowpages.com/new-york-ny/mip/pinnadyne-458039658,(877) 851-5250,"30 Broad St, New York, NY 10004","Computer Network Design & Systems, Computer Online Services, Computer Software & Services",Description not available,
Aspeed,No company URL,https://www.yellowpages.com/new-york-ny/mip/aspeed-16262565,(646) 633-4900,"1 Penn Plz, New York, NY 10119","Computers & Computer Equipment-Service & Repair, Computer Software Publishers & Developers, Computer & Equipment Dealers",Description not available,
Techknowsphere Solutions Inc,http://transbeam.com,https://www.yellowpages.com/new-york-ny/mip/techknowsphere-solutions-inc-473187089,(212) 391-1570,"20 W 36th St, New York, NY 10018",Computers & Computer Equipment-Service & Repair,Description not available,
Asap Computer Repair Service,No company URL,https://www.yellowpages.com/new-york-ny/mip/asap-computer-repair-service-462646557,(347) 705-7369,"445 9th Ave # 900216, New York, NY 10001","Computer Service & Repair-Business, Computers & Computer Equipment-Service & Repair",Description not available,
Advanced Computer Technologies Inc,http://www.actweb.com,https://www.yellowpages.com/new-york-ny/mip/advanced-computer-technologies-inc-467669802,(212) 764-6430,"200 Park Ave, New York, NY 10166","Computer & Equipment Dealers, Computers & Computer Equipment-Service & Repair",Description not available,
877TECH Of New York City,No company URL,https://www.yellowpages.com/new-york-ny/mip/877tech-of-new-york-city-470601838,(646) 553-1618,"845 3rd Ave Fl 6, New York, NY 10022",Computers & Computer Equipment-Service & Repair,Description not available,
Bion Tech,http://biontech.com,https://www.yellowpages.com/new-york-ny/mip/bion-tech-29641107,(516) 596-5443,"641 Lexington Ave, New York, NY 10022","Computers & Computer Equipment-Service & Repair, Computer & Equipment Dealers",Description not available,
Geek National,http://gicny.com,https://www.yellowpages.com/new-york-ny/mip/geek-national-6942388,(212) 488-0001,"410 Park Ave, New York, NY 10022","Computers & Computer Equipment-Service & Repair, Computer & Equipment Dealers",Description not available,
Ibmtss,No company URL,https://www.yellowpages.com/new-york-ny/mip/ibmtss-7372906,(212) 572-2900,"909 3rd Ave, New York, NY 10022","Computer-Wholesale & Manufacturers, Computers & Computer Equipment-Service & Repair",Description not available,
Computer Repair - Geeks Mobile,No company URL,https://www.yellowpages.com/new-york-ny/mip/computer-repair-geeks-mobile-22059502,(718) 360-9369,"310 W 72nd St, New York, NY 10023","Computers & Computer Equipment-Service & Repair, Computer Service & Repair-Business",Description not available,
Ng Tech Inc,No company URL,https://www.yellowpages.com/new-york-ny/mip/ng-tech-inc-460582118,(212) 396-2088,"217 E 85th St, New York, NY 10028",Computers & Computer Equipment-Service & Repair,Description not available,
Computer Hospital,https://computer-hospital.com,https://www.yellowpages.com/new-york-ny/mip/computer-hospital-7658986,(212) 568-6767,"2087 Amsterdam Ave, New York, NY 10032","Computer Service & Repair-Business, Computers & Computer Equipment-Service & Repair, Computer & Equipment Dealers",Description not available,
Geek Choice,http://www.geekchoice.com/New-York,https://www.yellowpages.com/new-york-ny/mip/geek-choice-473165187,(212) 564-7500,"243 W Broadway, New York, NY 10013",Computers & Computer Equipment-Service & Repair,"we have been a resident of beacon hill for over 43 years now, and i just recently stumbled upon Geek Choice. I stopped in spoke with a technician and he gave me some advice,…",
Corporate Innovation Technologies,No company URL,https://www.yellowpages.com/new-york-ny/mip/corporate-innovation-technologies-456880587,(212) 498-9992,"10 East 40 St, New York, NY 10016","Computer Network Design & Systems, Computer Software & Services, Computer Technical Assistance & Support Services",We've been working with them for a little over a year. They do a great job back filling our IT department and making recommendations to improve our infrastructure. They are…,
Miracle Technologies Inc,https://www.miracletechs.com,https://www.yellowpages.com/new-york-ny/mip/miracle-technologies-inc-527278788,(646) 237-4472,"30 Wall St, New York, NY 10005","Computer Network Design & Systems, Computers & Computer Equipment-Service & Repair, Computer Service & Repair-Business",As always Lina came to our office to help us with some on-going desktops and network issues; camera not working and a hijacked browser AND to help us develop a solid back-up…,
Integrate New York,No company URL,https://www.yellowpages.com/new-york-ny/mip/integrate-new-york-453692073,(855) 254-4396,"110 W 40th St Rm 1004, New York, NY 10018",Computer Technical Assistance & Support Services,"CAN SOLVE ANY PROBLEM.    ALWAYS REACHABLE.HAVE NEVER FAILED TO GET OUR SYSTEM UP AND RUNNING.  REASONABLE RATES.   PLEASANT TO DEAL WITH.""",
Mac PC NY,No company URL,https://www.yellowpages.com/new-york-ny/mip/mac-pc-ny-480674346,(212) 991-8240,"7 Dey St, New York, NY 10007","Computer Software & Services, Computer Service & Repair-Business, Computers & Computer Equipment-Service & Repair",My laptop died on me  when I was visiting New York City. I found this place to be very close to my hotel and went there hoping to get it fixed in the same day. Unfortunatelly…,
GreenTech Expert,No company URL,https://www.yellowpages.com/new-york-ny/mip/greentech-expert-541886211,(917) 497-7023,"Street not Mentioned, New York, NY 10030","Computer Technical Assistance & Support Services, Computer Security-Systems & Services, Computer Network Design & Systems","What a great company. request for support was sent online, in less than one hour we got a call back to set up a time to visit our premise. the technician showed up on time, he…",
Hello Nerds,https://www.hellonerds.ca,https://www.yellowpages.com/new-york-ny/mip/hello-nerds-553183446,(888) 878-0593,"77 Water St 7th Fl, New York, NY 10005","Computer Technical Assistance & Support Services, Computer Data Recovery, Computers & Computer Equipment-Service & Repair","Hello Nerds Inc..Good Job.  You understood my problem and fixed it.Thank you.!!!!!!!!!!!!!!!!""",
Tecniquo,No company URL,https://www.yellowpages.com/new-york-ny/mip/tecniquo-516930392,(800) 562-5648,"41 River Ter, New York, NY 10282","Computer Cable & Wire Installation, Computer Network Design & Systems, Computer Technical Assistance & Support Services","The best technicians in town! I would like to give my deepest gratitude to the guys who helped repair my laptop. They are relly amazing!""",
Hi-Tech Electronics Camera and Macbook Repair,http://www.newhitech.net,https://www.yellowpages.com/new-york-ny/mip/hi-tech-electronics-camera-and-macbook-repair-481550401,(212) 219-3794,"47 Canal st, New York, NY 10002","Television & Radio-Service & Repair, Electronic Equipment & Supplies-Repair & Service, Computers & Computer Equipment-Service & Repair","They have Very Professional staff in the back of the store. the price is very reasonalbe, and the business is very honlisty.Good Electronic Repair Shop!!Highly Recommend!!!""",
Apple Grand Central,https://www.apple.com/retail/grandcentral?cid=aos-us-seo-maps,https://www.yellowpages.com/new-york-ny/mip/apple-grand-central-468451832,(212) 284-1800,"45 Grand Central Terminal, New York, NY 10017","Consumer Electronics, Computers & Computer Equipment-Service & Repair, Computer & Equipment Dealers","Such a convenient location""",
SpeedGeek,http://www.speedgeek.com,https://www.yellowpages.com/new-york-ny/mip/speedgeek-515551845,(212) 641-0008,"20 Vesey Street, New York, NY 10007","Computer Technical Assistance & Support Services, Computers & Computer Equipment-Service & Repair","The best computer support, we can fix anything! On-site and drop off service, as well as remote desktop.""",
Cyber Security,http://www.aspiretss.com,https://www.yellowpages.com/new-york-ny/mip/cyber-security-538303463,(917) 600-9233,"380 Lexington Ave, New York, NY 10168","Computer Technical Assistance & Support Services, Computer Network Design & Systems, Computer & Equipment Dealers","I was working in a project with some folks from Aspire Tech, they have solid technical skills in Cyber Security area""",
NY City Geek,No company URL,https://www.yellowpages.com/new-york-ny/mip/ny-city-geek-476342700,(212) 537-6835,"666 3rd Ave, New York, NY 10017","Computer Service & Repair-Business, Computers & Computer Equipment-Service & Repair, Mobile Device Repair","Ny City Geek is a computer repair company in NY.They did a great job with my dell laptop in 1 day. I will call them again if i have computer problems. Tnx.""",
Digital Repairs NYC,No company URL,https://www.yellowpages.com/new-york-ny/mip/digital-repairs-nyc-520470490,(917) 946-6487,"736 7th Ave, New York, NY 10019","Electronic Equipment & Supplies-Repair & Service, Computer Technical Assistance & Support Services, Computer Service & Repair-Business","Skilled tech, My iPhone 6 was fixed in less than 10 minutes and now it works great.My screen was Completely shattered and didn't show anything. they Assured me that they can…",
Computer Troubleshooters,http://www.comptroub.com,https://www.yellowpages.com/new-york-ny/mip/computer-troubleshooters-463046548,(212) 686-1234,"132 Madison Ave, New York, NY 10016","Computers & Computer Equipment-Service & Repair, Computer & Equipment Dealers, Computer Software & Services","Its looking nice..THXElliot""",
Offshore Computing Service Limited,No company URL,https://www.yellowpages.com/new-york-ny/mip/offshore-computing-service-limited-1408303,(212) 709-8338,"67 Wall St, New York, NY 10005",Computer Technical Assistance & Support Services,"I was your client when it was Service Resource Industries, the service was excellent then.""",
Apple Berry Parts Inc 57 St,No company URL,https://www.yellowpages.com/new-york-ny/mip/apple-berry-parts-inc-57-st-504498544,(212) 581-0600,"205 W 57th St, New York, NY 10019","Computers & Computer Equipment-Service & Repair, Internet Service Providers (ISP), Computer Hardware & Supplies","amazing quick fast turn around fixed my iphone in no time , great service easy to get to friendly staff""",
SGU Consulting,http://www.sguconsulting.com,https://www.yellowpages.com/new-york-ny/mip/sgu-consulting-458746505,(212) 380-1333,"110 W 140th St, New York, NY 10030","Computers & Computer Equipment-Service & Repair, Computer Hardware & Supplies","SGU is the best! They've been taking care of my computer repair needs for years. If I ever have a problem with my computer network and need speedy tech support, SGU Consulting…",
Brealcorp,No company URL,https://www.yellowpages.com/new-york-ny/mip/brealcorp-453682458,(917) 677-9810,"Street not Mentioned, New York, NY 10025","Computer Cable & Wire Installation, Computer Network Design & Systems, Computer Data Recovery",I went to varios shops and for only a virus they said they need to stay wth it or it would be a ridiculus price that was out of my budget. so I spoke on the phone with this…,
Data Vision,http://www.datavis.com,https://www.yellowpages.com/new-york-ny/mip/data-vision-460628438,(212) 689-1111,"225 W 39th St, New York, NY 10018","Computers & Computer Equipment-Service & Repair, Computer & Equipment Dealers, Consumer Electronics","I always that i need something for my computer i go to data vision is a great store.""",
LaptopMD - Computer & iPhone Repair,http://www.laptopmd.com,https://www.yellowpages.com/new-york-ny/mip/laptopmd-computer-iphone-repair-18437,(212) 920-4833,"247 West 38th Street, #602, New York, NY 10018","Computer Data Recovery, Computer Technical Assistance & Support Services, Computer Service & Repair-Business","Went in to get a jack replaced. No one there to greet you when you walk in, so it's a little confusing where you are supposed to go or who to talk to. Went in to pick up the…",
Geek Squad,http://www.geeksquad.com,https://www.yellowpages.com/new-york-ny/mip/geek-squad-357091,(800) 371-6275,"529 5th Ave, New York, NY 10017","Computers & Computer Equipment-Service & Repair, Computer Network Design & Systems, Computer Technical Assistance & Support Services","Technical people were totally useless.  I paid $170 for a new video card, that I didn't even need and the computer was having the exact same problem it was having before I ever…",
Atomic Bytes Inc,https://sherlockdatarecovery.com/location,https://www.yellowpages.com/new-york-ny/mip/atomic-bytes-inc-3608757,(212) 249-9888,"500 E 87th St, New York, NY 10128","Computer Data Recovery, Computer Network Design & Systems, Computers & Computer Equipment-Service & Repair","From Business: With over 23 years of Experince Atomic bytes systems are Seagate Northeast certified data recovery services covering Seagate, Maxtor, West one Digital, IBM,…",
American Copy Machine LTD.,http://www.americancopymachines.com,https://www.yellowpages.com/new-york-ny/mip/american-copy-machine-ltd-6411567,(212) 244-2727,"141 W 28th St Fl 10, New York, NY 10001","Copy Machines & Supplies, Computers & Computer Equipment-Service & Repair, Office Furniture & Equipment-Wholesale & Manufacturers",Crooks!  They will bait and switch you and lock you into a service contract with   hidden fees. When you try to discuss it with them they will tell you too bad. I wish I would…,
Cybercity,https://www.cybercity.nyc,https://www.yellowpages.com/new-york-ny/mip/cybercity-473353611,(212) 633-0649,"224 W 30th St, New York, NY 10001","Computers & Computer Equipment-Service & Repair, Computer System Designers & Consultants","Avoid them.  Our server crashed while we were under them, and we were down for nearly 2 weeks.  They also are horrible with Mac support.""",
Global Data Publications Inc,https://www.globaldata.com/contact-us,https://www.yellowpages.com/new-york-ny/mip/global-data-publications-inc-451909084,(646) 395-5460,"441 Lexington Ave, New York, NY 10017","Computer Technical Assistance & Support Services, Computer Software & Services",I found this company on Craigslist advertising for Data Entry.  I got an e-mail back saying to sign in to my Yahoo Messenger to interview with someone named Roswell McDonald. …,
New York Computer Help - SOHO,https://www.newyorkcomputerhelp.com,https://www.yellowpages.com/new-york-ny/mip/new-york-computer-help-soho-571802174,(212) 599-0339,"110 Greene St Fl 11, New York, NY 10012","Computers & Computer Equipment-Service & Repair, Consumer Electronics, Computer System Designers & Consultants","From Business: Founded in 2000, our computer service centers focus on providing high quality service for our customers. Specializing in all computer issues, we look to fix the…",
Promethean IT,No company URL,https://www.yellowpages.com/new-york-ny/mip/promethean-it-495997561,(212) 226-6686,"65 Bleecker St, New York, NY 10012","Computer Security-Systems & Services, Computer Software & Services, Computer Technical Assistance & Support Services",From Business: The ancient myth of Prometheus has been passed down throughout the ages. Prometheus was a titan who defied Zeus to bring the technological advancement of fire to…,
Tech Support 4 NYC,http://www.techsupport4nyc.com,https://www.yellowpages.com/new-york-ny/mip/tech-support-4-nyc-227132,(877) 467-4989,"900 Avenue Of The Americas, New York, NY 10011","Computer Network Design & Systems, Computer Service & Repair-Business, Computers & Computer Equipment-Service & Repair","From Business: Computer Consulting firm servicing small business as well as home users with all of their pc windows and mac tech support needs. Free Estimate, and Flat Rate…",
Cartwheel,http://www.cartwheelit.com,https://www.yellowpages.com/new-york-ny/mip/cartwheel-22885110,(212) 206-9619,"6 W 18th St, New York, NY 10011","Computer Network Design & Systems, Computer Data Recovery, Computer Technical Assistance & Support Services","From Business: Cartwheel is a tech support group based in NYC. They offer Complete IT & On-Demand solutions for enterprise, small business, and home. Cartwheel approaches…",
